Country,Code,Day,Cases,Daily new confirmed deaths due to COVID-19
United States,USA,2020-01-03,0,0
United States,USA,2020-01-04,0,0
United States,USA,2020-01-05,0,0
United States,USA,2020-01-06,0,0
United States,USA,2020-01-07,0,0
United States,USA,2020-01-08,0,0
United States,USA,2020-01-09,0,0
United States,USA,2020-01-10,0,0
United States,USA,2020-01-11,0,0
United States,USA,2020-01-12,0,0
United States,USA,2020-01-13,0,0
United States,USA,2020-01-14,0,0
United States,USA,2020-01-15,0,0
United States,USA,2020-01-16,0,0
United States,USA,2020-01-17,0,0
United States,USA,2020-01-18,0,0
United States,USA,2020-01-19,0,0
United States,USA,2020-01-20,1,0
United States,USA,2020-01-21,0,0
United States,USA,2020-01-22,0,0
United States,USA,2020-01-23,0,0
United States,USA,2020-01-24,0,0
United States,USA,2020-01-25,5,0
United States,USA,2020-01-26,1,0
United States,USA,2020-01-27,0,0
United States,USA,2020-01-28,1,0
United States,USA,2020-01-29,0,0
United States,USA,2020-01-30,0,0
United States,USA,2020-01-31,0,0
United States,USA,2020-02-01,0,0
United States,USA,2020-02-02,1,0
United States,USA,2020-02-03,1,0
United States,USA,2020-02-04,3,0
United States,USA,2020-02-05,4,0
United States,USA,2020-02-06,2,0
United States,USA,2020-02-07,0,0
United States,USA,2020-02-08,0,0
United States,USA,2020-02-09,1,0
United States,USA,2020-02-10,0,0
United States,USA,2020-02-11,0,0
United States,USA,2020-02-12,0,0
United States,USA,2020-02-13,0,0
United States,USA,2020-02-14,2,0
United States,USA,2020-02-15,1,0
United States,USA,2020-02-16,1,0
United States,USA,2020-02-17,0,0
United States,USA,2020-02-18,0,0
United States,USA,2020-02-19,2,0
United States,USA,2020-02-20,5,0
United States,USA,2020-02-21,3,0
United States,USA,2020-02-22,1,0
United States,USA,2020-02-23,5,0
United States,USA,2020-02-24,8,0
United States,USA,2020-02-25,0,0
United States,USA,2020-02-26,4,0
United States,USA,2020-02-27,4,0
United States,USA,2020-02-28,8,0
United States,USA,2020-02-29,5,1
United States,USA,2020-03-01,4,0
United States,USA,2020-03-02,9,1
United States,USA,2020-03-03,18,0
United States,USA,2020-03-04,35,6
United States,USA,2020-03-05,51,3
United States,USA,2020-03-06,70,2
United States,USA,2020-03-07,78,3
United States,USA,2020-03-08,130,3
United States,USA,2020-03-09,146,5
United States,USA,2020-03-10,212,4
United States,USA,2020-03-11,390,4
United States,USA,2020-03-12,497,7
United States,USA,2020-03-13,525,12
United States,USA,2020-03-14,727,7
United States,USA,2020-03-15,968,11
United States,USA,2020-03-16,1219,13
United States,USA,2020-03-17,2135,18
United States,USA,2020-03-18,2369,21
United States,USA,2020-03-19,3229,28
United States,USA,2020-03-20,4862,64
United States,USA,2020-03-21,6113,69
United States,USA,2020-03-22,7559,92
United States,USA,2020-03-23,9110,112
United States,USA,2020-03-24,10765,118
United States,USA,2020-03-25,10754,164
United States,USA,2020-03-26,11332,209
United States,USA,2020-03-27,14115,301
United States,USA,2020-03-28,18474,341
United States,USA,2020-03-29,20344,487
United States,USA,2020-03-30,20673,556
United States,USA,2020-03-31,26161,665
United States,USA,2020-04-01,15536,631
United States,USA,2020-04-02,23260,982
United States,USA,2020-04-03,28674,1121
United States,USA,2020-04-04,29790,1311
United States,USA,2020-04-05,32057,1376
United States,USA,2020-04-06,32134,1540
United States,USA,2020-04-07,26984,1873
United States,USA,2020-04-08,28629,1691
United States,USA,2020-04-09,29355,2093
United States,USA,2020-04-10,34148,2221
United States,USA,2020-04-11,34743,2230
United States,USA,2020-04-12,33179,2241
United States,USA,2020-04-13,31535,2192
United States,USA,2020-04-14,27094,1857
United States,USA,2020-04-15,25244,1905
United States,USA,2020-04-16,25259,2432
United States,USA,2020-04-17,25208,2731
United States,USA,2020-04-18,31494,2445
United States,USA,2020-04-19,30316,2336
United States,USA,2020-04-20,28281,1848
United States,USA,2020-04-21,26070,1993
United States,USA,2020-04-22,26428,2077
United States,USA,2020-04-23,25927,2673
United States,USA,2020-04-24,30470,2221
United States,USA,2020-04-25,33211,1984
United States,USA,2020-04-26,34778,2103
United States,USA,2020-04-27,33603,1892
United States,USA,2020-04-28,26063,1535
United States,USA,2020-04-29,23758,1489
United States,USA,2020-04-30,23935,2111
United States,USA,2020-05-01,26774,2417
United States,USA,2020-05-02,31221,2238
United States,USA,2020-05-03,33082,1953
United States,USA,2020-05-04,28292,1609
United States,USA,2020-05-05,25927,1412
United States,USA,2020-05-06,22324,1271
United States,USA,2020-05-07,22878,2434
United States,USA,2020-05-08,25440,2341
United States,USA,2020-05-09,28552,2033
United States,USA,2020-05-10,28833,1658
United States,USA,2020-05-11,25917,1491
United States,USA,2020-05-12,20656,1073
United States,USA,2020-05-13,19950,1034
United States,USA,2020-05-14,23902,1533
United States,USA,2020-05-15,17336,1507
United States,USA,2020-05-16,34643,1943
United States,USA,2020-05-17,26628,1549
United States,USA,2020-05-18,26081,1239
United States,USA,2020-05-19,19917,927
United States,USA,2020-05-20,22744,946
United States,USA,2020-05-21,21923,1179
United States,USA,2020-05-22,23506,1374
United States,USA,2020-05-23,26191,1083
United States,USA,2020-05-24,25963,1810
United States,USA,2020-05-25,21465,937
United States,USA,2020-05-26,20651,788
United States,USA,2020-05-27,19379,687
United States,USA,2020-05-28,17510,811
United States,USA,2020-05-29,19508,1285
United States,USA,2020-05-30,24182,1251
United States,USA,2020-05-31,23741,1051
United States,USA,2020-06-01,24127,906
United States,USA,2020-06-02,21466,673
United States,USA,2020-06-03,17157,691
United States,USA,2020-06-04,20974,934
United States,USA,2020-06-05,20695,1022
United States,USA,2020-06-06,20870,885
United States,USA,2020-06-07,24491,876
United States,USA,2020-06-08,23285,669
United States,USA,2020-06-09,18455,593
United States,USA,2020-06-10,18151,776
United States,USA,2020-06-11,18581,827
United States,USA,2020-06-12,22181,882
United States,USA,2020-06-13,22890,888
United States,USA,2020-06-14,28333,735
United States,USA,2020-06-15,26434,685
United States,USA,2020-06-16,20778,489
United States,USA,2020-06-17,20591,525
United States,USA,2020-06-18,24777,674
United States,USA,2020-06-19,25816,684
United States,USA,2020-06-20,28520,643
United States,USA,2020-06-21,33105,755
United States,USA,2020-06-22,33467,576
United States,USA,2020-06-23,27345,413
United States,USA,2020-06-24,28698,415
United States,USA,2020-06-25,37887,746
United States,USA,2020-06-26,37320,692
United States,USA,2020-06-27,47021,2533
United States,USA,2020-06-28,46540,706
United States,USA,2020-06-29,43653,593
United States,USA,2020-06-30,37583,439
United States,USA,2020-07-01,38517,461
United States,USA,2020-07-02,47253,662
United States,USA,2020-07-03,59342,782
United States,USA,2020-07-04,55452,704
United States,USA,2020-07-05,60366,810
United States,USA,2020-07-06,48978,539
United States,USA,2020-07-07,40413,460
United States,USA,2020-07-08,50763,598
United States,USA,2020-07-09,56754,928
United States,USA,2020-07-10,64775,1079
United States,USA,2020-07-11,61943,961
United States,USA,2020-07-12,68579,964
United States,USA,2020-07-13,68262,889
United States,USA,2020-07-14,58680,840
United States,USA,2020-07-15,56287,731
United States,USA,2020-07-16,64516,914
United States,USA,2020-07-17,72389,1122
United States,USA,2020-07-18,69181,1089
United States,USA,2020-07-19,76952,1081
United States,USA,2020-07-20,67324,1005
United States,USA,2020-07-21,60012,932
United States,USA,2020-07-22,58519,867
United States,USA,2020-07-23,63336,1193
United States,USA,2020-07-24,72416,1191
United States,USA,2020-07-25,73142,1254
United States,USA,2020-07-26,73152,1284
United States,USA,2020-07-27,61596,1148
United States,USA,2020-07-28,57759,951
United States,USA,2020-07-29,54007,936
United States,USA,2020-07-30,58708,1163
United States,USA,2020-07-31,64855,1179
United States,USA,2020-08-01,66141,1400
United States,USA,2020-08-02,68184,1369
United States,USA,2020-08-03,56412,1164
United States,USA,2020-08-04,50849,922
United States,USA,2020-08-05,45329,853
United States,USA,2020-08-06,52056,1072
United States,USA,2020-08-07,55592,1260
United States,USA,2020-08-08,53165,1211
United States,USA,2020-08-09,62506,1317
United States,USA,2020-08-10,51679,1043
United States,USA,2020-08-11,46473,900
United States,USA,2020-08-12,43377,795
United States,USA,2020-08-13,58958,1098
United States,USA,2020-08-14,54392,1326
United States,USA,2020-08-15,51522,1195
United States,USA,2020-08-16,56261,1047
United States,USA,2020-08-17,51137,952
United States,USA,2020-08-18,41495,889
United States,USA,2020-08-19,41589,637
United States,USA,2020-08-20,41625,928
United States,USA,2020-08-21,46574,1264
United States,USA,2020-08-22,46187,1000
United States,USA,2020-08-23,47181,1007
United States,USA,2020-08-24,42550,1006
United States,USA,2020-08-25,36210,836
United States,USA,2020-08-26,35716,584
United States,USA,2020-08-27,40574,880
United States,USA,2020-08-28,46430,1062
United States,USA,2020-08-29,46920,940
United States,USA,2020-08-30,46546,1035
United States,USA,2020-08-31,40908,839
United States,USA,2020-09-01,36635,717
United States,USA,2020-09-02,38696,553
United States,USA,2020-09-03,39178,860
United States,USA,2020-09-04,43647,884
United States,USA,2020-09-05,45272,948
United States,USA,2020-09-06,50917,904
United States,USA,2020-09-07,41129,801
United States,USA,2020-09-08,34237,685
United States,USA,2020-09-09,24876,417
United States,USA,2020-09-10,28054,553
United States,USA,2020-09-11,34660,826
United States,USA,2020-09-12,38583,832
United States,USA,2020-09-13,44082,863
United States,USA,2020-09-14,40371,662
United States,USA,2020-09-15,32888,720
United States,USA,2020-09-16,34336,359
United States,USA,2020-09-17,36815,801
United States,USA,2020-09-18,43910,1099
United States,USA,2020-09-19,44530,732
United States,USA,2020-09-20,48127,803
United States,USA,2020-09-21,42181,674
United States,USA,2020-09-22,34450,484
United States,USA,2020-09-23,41398,537
United States,USA,2020-09-24,49528,660
United States,USA,2020-09-25,41641,903
United States,USA,2020-09-26,45961,740
United States,USA,2020-09-27,49615,778
United States,USA,2020-09-28,42035,664
United States,USA,2020-09-29,35551,502
United States,USA,2020-09-30,38402,400
United States,USA,2020-10-01,38881,795
United States,USA,2020-10-02,45920,686
United States,USA,2020-10-03,46624,733
United States,USA,2020-10-04,50935,907
United States,USA,2020-10-05,47727,565
United States,USA,2020-10-06,35774,598
United States,USA,2020-10-07,41602,508
United States,USA,2020-10-08,41654,635
United States,USA,2020-10-09,52594,782
United States,USA,2020-10-10,56104,735
United States,USA,2020-10-11,58794,792
United States,USA,2020-10-12,54216,681
United States,USA,2020-10-13,44423,573
United States,USA,2020-10-14,49144,497
United States,USA,2020-10-15,50497,652
United States,USA,2020-10-16,57229,821
United States,USA,2020-10-17,63046,697
United States,USA,2020-10-18,69079,880
United States,USA,2020-10-19,54548,693
United States,USA,2020-10-20,48887,733
United States,USA,2020-10-21,61362,612
United States,USA,2020-10-22,58741,791
United States,USA,2020-10-23,68657,1059
United States,USA,2020-10-24,74903,916
United States,USA,2020-10-25,82340,919
United States,USA,2020-10-26,76181,836
United States,USA,2020-10-27,65610,601
United States,USA,2020-10-28,69584,682
United States,USA,2020-10-29,74961,896
United States,USA,2020-10-30,84410,1063
United States,USA,2020-10-31,91130,1110
United States,USA,2020-11-01,97518,908
United States,USA,2020-11-02,92783,942
United States,USA,2020-11-03,141582,708
United States,USA,2020-11-04,87188,738
United States,USA,2020-11-05,98499,1031
United States,USA,2020-11-06,113875,1298
United States,USA,2020-11-07,122830,1227
United States,USA,2020-11-08,133337,1260
United States,USA,2020-11-09,129810,1095
United States,USA,2020-11-10,111648,882
United States,USA,2020-11-11,124487,930
United States,USA,2020-11-12,145951,1674
United States,USA,2020-11-13,153660,1518
United States,USA,2020-11-14,162300,1347
United States,USA,2020-11-15,176989,1271
United States,USA,2020-11-16,164239,1472
United States,USA,2020-11-17,137564,1027
United States,USA,2020-11-18,153374,1018
United States,USA,2020-11-19,167352,1591
United States,USA,2020-11-20,170904,1833
United States,USA,2020-11-21,188681,1920
United States,USA,2020-11-22,193369,1959
United States,USA,2020-11-23,173861,1724
United States,USA,2020-11-24,149783,1303
United States,USA,2020-11-25,160411,1413
United States,USA,2020-11-26,175183,1889
United States,USA,2020-11-27,194100,2289
United States,USA,2020-11-28,145029,1674
United States,USA,2020-11-29,164034,1658
United States,USA,2020-11-30,144575,1506
United States,USA,2020-12-01,141072,1281
United States,USA,2020-12-02,151905,1546
United States,USA,2020-12-03,192718,2379
United States,USA,2020-12-04,210074,2756
United States,USA,2020-12-05,216782,2740
United States,USA,2020-12-06,223806,2593
United States,USA,2020-12-07,205575,2376
United States,USA,2020-12-08,176909,1588
United States,USA,2020-12-09,183091,1973
United States,USA,2020-12-10,226982,2561
United States,USA,2020-12-11,221251,3323
United States,USA,2020-12-12,208835,2705
United States,USA,2020-12-13,245839,3188
United States,USA,2020-12-14,217153,2440
United States,USA,2020-12-15,181275,2037
United States,USA,2020-12-16,198204,1955
United States,USA,2020-12-17,198650,2758
United States,USA,2020-12-18,240266,3389
United States,USA,2020-12-19,246505,3338
United States,USA,2020-12-20,235875,2949
United States,USA,2020-12-21,202289,2727
United States,USA,2020-12-22,186429,2090
United States,USA,2020-12-23,183553,2129
United States,USA,2020-12-24,197759,2891
United States,USA,2020-12-25,226200,3238
United States,USA,2020-12-26,202550,3021
United States,USA,2020-12-27,161342,2237
United States,USA,2020-12-28,147119,1650
United States,USA,2020-12-29,154342,1903
United States,USA,2020-12-30,176774,2180
United States,USA,2020-12-31,208904,3351
United States,USA,2021-01-01,235818,3763
United States,USA,2021-01-02,229492,3754
United States,USA,2021-01-03,228546,3049
United States,USA,2021-01-04,225318,2384
United States,USA,2021-01-05,205458,2044
United States,USA,2021-01-06,174314,2029
United States,USA,2021-01-07,242441,3496
United States,USA,2021-01-08,257750,3855
United States,USA,2021-01-09,269765,3978
United States,USA,2021-01-10,292105,3711
United States,USA,2021-01-11,256294,3411
United States,USA,2021-01-12,224484,2555
United States,USA,2021-01-13,204122,2534
United States,USA,2021-01-14,217776,3600
United States,USA,2021-01-15,226378,4066
United States,USA,2021-01-16,223583,3762
United States,USA,2021-01-17,237318,3384
United States,USA,2021-01-18,209511,3549
United States,USA,2021-01-19,186583,2600
United States,USA,2021-01-20,154205,2250
United States,USA,2021-01-21,150233,2738
United States,USA,2021-01-22,188266,3826
United States,USA,2021-01-23,187644,3853
United States,USA,2021-01-24,189419,3679
United States,USA,2021-01-25,165512,3073
United States,USA,2021-01-26,141554,2477
United States,USA,2021-01-27,135591,2037
United States,USA,2021-01-28,145943,3576
United States,USA,2021-01-29,158965,3950
United States,USA,2021-01-30,156822,3870
United States,USA,2021-01-31,164238,3266
United States,USA,2021-02-01,138823,2827
United States,USA,2021-02-02,111938,2291
United States,USA,2021-02-03,129043,2229
United States,USA,2021-02-04,121330,2947
United States,USA,2021-02-05,108669,3280
United States,USA,2021-02-06,122620,3127
United States,USA,2021-02-07,124827,3399
United States,USA,2021-02-08,110180,2803
United States,USA,2021-02-09,92931,1771
United States,USA,2021-02-10,80726,1668
United States,USA,2021-02-11,91417,2470
United States,USA,2021-02-12,98339,2813
United States,USA,2021-02-13,99548,3252
United States,USA,2021-02-14,97431,5061
United States,USA,2021-02-15,85221,3316
United States,USA,2021-02-16,67413,1572
United States,USA,2021-02-17,58066,1387
United States,USA,2021-02-18,56871,1407
United States,USA,2021-02-19,63770,2181
United States,USA,2021-02-20,68568,2247
United States,USA,2021-02-21,73576,2322
United States,USA,2021-02-22,65510,1839
United States,USA,2021-02-23,56628,1525
United States,USA,2021-02-24,55821,1487
United States,USA,2021-02-25,70162,1718
United States,USA,2021-02-26,72358,1975
United States,USA,2021-02-27,71998,2850
United States,USA,2021-02-28,73274,1966
United States,USA,2021-03-01,68298,1634
United States,USA,2021-03-02,52570,1026
United States,USA,2021-03-03,51114,1323
United States,USA,2021-03-04,53761,1128
United States,USA,2021-03-05,66043,1896
United States,USA,2021-03-06,64859,1515
United States,USA,2021-03-07,64094,1924
United States,USA,2021-03-08,57710,1277
United States,USA,2021-03-09,43758,895
United States,USA,2021-03-10,42703,802
United States,USA,2021-03-11,54088,1201
United States,USA,2021-03-12,61755,1576
United States,USA,2021-03-13,59764,1317
United States,USA,2021-03-14,64222,1491
United States,USA,2021-03-15,52274,958
United States,USA,2021-03-16,47230,651
United States,USA,2021-03-17,43532,693
United States,USA,2021-03-18,51806,853
United States,USA,2021-03-19,59588,1075
United States,USA,2021-03-20,63099,956
United States,USA,2021-03-21,62022,1078
United States,USA,2021-03-22,58456,718
United States,USA,2021-03-23,45228,553
United States,USA,2021-03-24,48228,938
United States,USA,2021-03-25,57684,753
United States,USA,2021-03-26,68021,1126
United States,USA,2021-03-27,65367,981
United States,USA,2021-03-28,74834,1042
United States,USA,2021-03-29,63203,851
United States,USA,2021-03-30,53256,618
United States,USA,2021-03-31,58014,548
United States,USA,2021-04-01,61789,729
United States,USA,2021-04-02,69567,948
United States,USA,2021-04-03,73685,816
United States,USA,2021-04-04,70446,842
United States,USA,2021-04-05,63695,708
United States,USA,2021-04-06,45722,532
United States,USA,2021-04-07,56400,362
United States,USA,2021-04-08,63657,749
United States,USA,2021-04-09,74627,821
United States,USA,2021-04-10,75434,867
United States,USA,2021-04-11,76415,864
United States,USA,2021-04-12,68111,740
United States,USA,2021-04-13,53239,468
United States,USA,2021-04-14,60435,533
United States,USA,2021-04-15,72206,751
United States,USA,2021-04-16,70654,782
United States,USA,2021-04-17,71498,794
United States,USA,2021-04-18,71074,807
United States,USA,2021-04-19,77212,627
United States,USA,2021-04-20,49337,499
United States,USA,2021-04-21,35281,463
United States,USA,2021-04-22,57318,746
United States,USA,2021-04-23,63049,767
United States,USA,2021-04-24,61479,784
United States,USA,2021-04-25,62419,835
United States,USA,2021-04-26,51698,654
United States,USA,2021-04-27,40847,435
United States,USA,2021-04-28,30199,467
United States,USA,2021-04-29,50313,546
United States,USA,2021-04-30,54396,832
United States,USA,2021-05-01,55643,753
United States,USA,2021-05-02,55311,806
United States,USA,2021-05-03,48352,616
United States,USA,2021-05-04,36593,500
United States,USA,2021-05-05,32953,470
United States,USA,2021-05-06,42552,674
United States,USA,2021-05-07,44541,714
United States,USA,2021-05-08,42692,671
United States,USA,2021-05-09,44641,806
United States,USA,2021-05-10,37021,609
United States,USA,2021-05-11,27538,408
United States,USA,2021-05-12,24383,395
United States,USA,2021-05-13,33073,598
United States,USA,2021-05-14,35784,679
United States,USA,2021-05-15,40435,583
United States,USA,2021-05-16,35116,701
United States,USA,2021-05-17,29837,442
United States,USA,2021-05-18,21375,437
United States,USA,2021-05-19,19453,362
United States,USA,2021-05-20,27639,610
United States,USA,2021-05-21,27491,583
United States,USA,2021-05-22,27948,541
United States,USA,2021-05-23,27866,649
United States,USA,2021-05-24,22224,409
United States,USA,2021-05-25,16030,287
United States,USA,2021-05-26,14761,555
United States,USA,2021-05-27,24571,518
United States,USA,2021-05-28,23475,517
United States,USA,2021-05-29,21970,545
United States,USA,2021-05-30,24780,703
United States,USA,2021-05-31,15628,301
United States,USA,2021-06-01,12350,254
United States,USA,2021-06-02,9408,232
United States,USA,2021-06-03,8935,332
United States,USA,2021-06-04,16048,492
United States,USA,2021-06-05,18151,478
United States,USA,2021-06-06,18592,586
United States,USA,2021-06-07,14734,394
United States,USA,2021-06-08,11084,423
United States,USA,2021-06-09,9898,322
United States,USA,2021-06-10,14314,313
United States,USA,2021-06-11,19640,387
United States,USA,2021-06-12,15924,382
United States,USA,2021-06-13,13971,403
United States,USA,2021-06-14,12350,208
United States,USA,2021-06-15,8721,152
United States,USA,2021-06-16,8275,199
United States,USA,2021-06-17,12616,316
United States,USA,2021-06-18,13220,336
United States,USA,2021-06-19,13484,279
United States,USA,2021-06-20,11961,272
United States,USA,2021-06-21,12350,251
United States,USA,2021-06-22,9047,223
United States,USA,2021-06-23,8568,266
United States,USA,2021-06-24,13288,308
United States,USA,2021-06-25,13841,326
United States,USA,2021-06-26,15572,315
United States,USA,2021-06-27,14971,412
United States,USA,2021-06-28,13294,242
United States,USA,2021-06-29,10676,173
United States,USA,2021-06-30,10438,183
United States,USA,2021-07-01,15514,282
United States,USA,2021-07-02,11639,244
United States,USA,2021-07-03,18586,289
United States,USA,2021-07-04,16890,304
United States,USA,2021-07-05,13189,152
United States,USA,2021-07-06,10459,125
United States,USA,2021-07-07,9147,103
United States,USA,2021-07-08,19962,301
United States,USA,2021-07-09,22636,250
United States,USA,2021-07-10,183538,262
United States,USA,2021-07-11,27579,316
United States,USA,2021-07-12,20875,149
United States,USA,2021-07-13,16722,119
United States,USA,2021-07-14,28892,295
United States,USA,2021-07-15,34978,337
United States,USA,2021-07-16,38299,342
United States,USA,2021-07-17,40555,319
United States,USA,2021-07-18,42258,370
United States,USA,2021-07-19,32139,183
United States,USA,2021-07-20,27993,146
United States,USA,2021-07-21,45195,284
United States,USA,2021-07-22,51040,320
United States,USA,2021-07-23,61313,399
United States,USA,2021-07-24,71708,338
United States,USA,2021-07-25,69639,414
United States,USA,2021-07-26,53795,254
United States,USA,2021-07-27,43206,249
United States,USA,2021-07-28,71245,411
United States,USA,2021-07-29,85805,499
United States,USA,2021-07-30,89149,494
United States,USA,2021-07-31,99367,495
United States,USA,2021-08-01,104519,525
United States,USA,2021-08-02,80567,395
United States,USA,2021-08-03,61188,370
United States,USA,2021-08-04,102409,656
United States,USA,2021-08-05,110283,700
United States,USA,2021-08-06,126833,741
United States,USA,2021-08-07,127854,753
United States,USA,2021-08-08,133922,838
United States,USA,2021-08-09,120252,648
United States,USA,2021-08-10,96790,527
United States,USA,2021-08-11,93050,720
United States,USA,2021-08-12,135427,961
United States,USA,2021-08-13,143479,612
United States,USA,2021-08-14,151161,973
United States,USA,2021-08-15,146305,1196
United States,USA,2021-08-16,139848,904
United States,USA,2021-08-17,110712,679
United States,USA,2021-08-18,108955,845
United States,USA,2021-08-19,150448,1193
United States,USA,2021-08-20,168162,1497
United States,USA,2021-08-21,174382,1381
United States,USA,2021-08-22,167459,1556
United States,USA,2021-08-23,141824,1169
United States,USA,2021-08-24,124481,899
United States,USA,2021-08-25,120825,1205
United States,USA,2021-08-26,162414,1655
United States,USA,2021-08-27,176904,1658
United States,USA,2021-08-28,186271,1760
United States,USA,2021-08-29,182171,1837
United States,USA,2021-08-30,150022,1460
United States,USA,2021-08-31,115672,1183
United States,USA,2021-09-01,138600,1243
United States,USA,2021-09-02,176801,1807
United States,USA,2021-09-03,197627,2015
United States,USA,2021-09-04,183417,2028
United States,USA,2021-09-05,182112,1973
United States,USA,2021-09-06,141762,1490
United States,USA,2021-09-07,123082,1324
United States,USA,2021-09-08,116004,1092
United States,USA,2021-09-09,114676,1522
United States,USA,2021-09-10,171241,2119
United States,USA,2021-09-11,183714,2246
United States,USA,2021-09-12,172091,2292
United States,USA,2021-09-13,153543,1739
United States,USA,2021-09-14,113838,1140
United States,USA,2021-09-15,118971,1352
United States,USA,2021-09-16,162147,2413
United States,USA,2021-09-17,163128,2499
United States,USA,2021-09-18,167335,2108
United States,USA,2021-09-19,158492,2339
United States,USA,2021-09-20,122574,1589
United States,USA,2021-09-21,94644,1194
United States,USA,2021-09-22,98378,1368
United States,USA,2021-09-23,132981,2345
United States,USA,2021-09-24,132730,2350
United States,USA,2021-09-25,138256,2073
United States,USA,2021-09-26,132731,2465
United States,USA,2021-09-27,96166,1435
United States,USA,2021-09-28,75238,1019
United States,USA,2021-09-29,107319,1957
United States,USA,2021-09-30,115452,2155
United States,USA,2021-10-01,116797,2253
United States,USA,2021-10-02,124042,1962
United States,USA,2021-10-03,120674,2211
United States,USA,2021-10-04,81968,1287
United States,USA,2021-10-05,66639,942
United States,USA,2021-10-06,91816,1356
United States,USA,2021-10-07,101799,2055
United States,USA,2021-10-08,118223,2053
United States,USA,2021-10-09,113038,1738
United States,USA,2021-10-10,108501,2253
United States,USA,2021-10-11,70589,1051
United States,USA,2021-10-12,58449,1013
United States,USA,2021-10-13,77961,1024
United States,USA,2021-10-14,89638,1914
United States,USA,2021-10-15,96312,1846
United States,USA,2021-10-16,96871,1576
United States,USA,2021-10-17,92417,2038
United States,USA,2021-10-18,63002,892
United States,USA,2021-10-19,47645,695
United States,USA,2021-10-20,72322,2330
United States,USA,2021-10-21,80595,1849
United States,USA,2021-10-22,76534,1841
United States,USA,2021-10-23,87571,1523
United States,USA,2021-10-24,80874,1961
United States,USA,2021-10-25,36114,654
United States,USA,2021-10-26,28057,347
United States,USA,2021-10-27,84460,1030
United States,USA,2021-10-28,101787,2052
United States,USA,2021-10-29,84199,1765
United States,USA,2021-10-30,103121,1277
United States,USA,2021-10-31,88448,1790
United States,USA,2021-11-01,34950,453
United States,USA,2021-11-02,25347,302
United States,USA,2021-11-03,117847,1196
United States,USA,2021-11-04,74593,1450
United States,USA,2021-11-05,78766,1188
United States,USA,2021-11-06,88850,1204
United States,USA,2021-11-07,89858,1614
United States,USA,2021-11-08,35987,476
United States,USA,2021-11-09,31524,256
United States,USA,2021-11-10,116391,1161
United States,USA,2021-11-11,82883,1587
United States,USA,2021-11-12,93749,1345
United States,USA,2021-11-13,73647,970
United States,USA,2021-11-14,122999,1734
United States,USA,2021-11-15,69276,544
United States,USA,2021-11-16,33593,217
United States,USA,2021-11-17,133590,1080
United States,USA,2021-11-18,96915,1464
United States,USA,2021-11-19,105810,1442
United States,USA,2021-11-20,123870,3867
United States,USA,2021-11-21,113822,1662
United States,USA,2021-11-22,46194,374
United States,USA,2021-11-23,38751,177
United States,USA,2021-11-24,145378,1177
United States,USA,2021-11-25,101066,1560
United States,USA,2021-11-26,106535,1374
United States,USA,2021-11-27,72723,465
United States,USA,2021-11-28,81747,563
United States,USA,2021-11-29,51800,214
United States,USA,2021-11-30,56537,193
United States,USA,2021-12-01,93479,1663
United States,USA,2021-12-02,120690,1622
United States,USA,2021-12-03,133075,1727
United States,USA,2021-12-04,143869,1244
United States,USA,2021-12-05,151567,1641
United States,USA,2021-12-06,67352,572
United States,USA,2021-12-07,55314,281
United States,USA,2021-12-08,184043,1288
United States,USA,2021-12-09,125548,1832
United States,USA,2021-12-10,129708,1480
United States,USA,2021-12-11,137431,1162
United States,USA,2021-12-12,135573,1971
United States,USA,2021-12-13,63967,490
United States,USA,2021-12-14,58109,306
United States,USA,2021-12-15,185683,1312
United States,USA,2021-12-16,125442,1908
United States,USA,2021-12-17,146477,1900
United States,USA,2021-12-18,162668,1115
United States,USA,2021-12-19,156763,2034
United States,USA,2021-12-20,87584,590
United States,USA,2021-12-21,102213,286
United States,USA,2021-12-22,266159,1467
United States,USA,2021-12-23,203318,2259
United States,USA,2021-12-24,237883,1854
United States,USA,2021-12-25,278812,3177
United States,USA,2021-12-26,241450,1368
United States,USA,2021-12-27,115824,262
United States,USA,2021-12-28,211284,266
United States,USA,2021-12-29,464495,1786
United States,USA,2021-12-30,389514,2331
United States,USA,2021-12-31,474309,1823
United States,USA,2022-01-01,584647,1334
United States,USA,2022-01-02,471965,1344
United States,USA,2022-01-03,302957,430
United States,USA,2022-01-04,390858,374
United States,USA,2022-01-05,902391,1672
United States,USA,2022-01-06,732514,2840
United States,USA,2022-01-07,702790,1846
United States,USA,2022-01-08,798436,2088
United States,USA,2022-01-09,852951,2466
United States,USA,2022-01-10,448743,869
United States,USA,2022-01-11,486541,699
United States,USA,2022-01-12,1265520,1962
United States,USA,2022-01-13,803539,3189
United States,USA,2022-01-14,855880,2480
United States,USA,2022-01-15,892303,2179
United States,USA,2022-01-16,898407,3002
United States,USA,2022-01-17,465957,1380
United States,USA,2022-01-18,418737,873
United States,USA,2022-01-19,968465,1453
United States,USA,2022-01-20,856293,2642
United States,USA,2022-01-21,780466,3259
United States,USA,2022-01-22,776490,2901
United States,USA,2022-01-23,776480,3800
United States,USA,2022-01-24,328564,1218
United States,USA,2022-01-25,314947,960
United States,USA,2022-01-26,1011148,2784
United States,USA,2022-01-27,493232,3530
United States,USA,2022-01-28,545225,3409
United States,USA,2022-01-29,572820,2898
United States,USA,2022-01-30,523326,3604
United States,USA,2022-01-31,222172,1516
United States,USA,2022-02-01,158214,925
United States,USA,2022-02-02,576521,2779
United States,USA,2022-02-03,296458,4076
United States,USA,2022-02-04,303405,3218
United States,USA,2022-02-05,350050,2715
United States,USA,2022-02-06,281890,3425
United States,USA,2022-02-07,104762,1254
United States,USA,2022-02-08,96578,714
United States,USA,2022-02-09,305358,3301
United States,USA,2022-02-10,197921,3804
United States,USA,2022-02-11,196394,3005
United States,USA,2022-02-12,165790,2579
United States,USA,2022-02-13,155309,2893
United States,USA,2022-02-14,67888,969
United States,USA,2022-02-15,47904,727
United States,USA,2022-02-16,174293,2973
United States,USA,2022-02-17,108080,3370
United States,USA,2022-02-18,105714,2708
United States,USA,2022-02-19,100475,2316
United States,USA,2022-02-20,103802,2309
United States,USA,2022-02-21,40797,716
United States,USA,2022-02-22,31174,588
United States,USA,2022-02-23,48413,1100
United States,USA,2022-02-24,115022,3252
United States,USA,2022-02-25,73662,2611
United States,USA,2022-02-26,75062,2488
United States,USA,2022-02-27,74142,2291
United States,USA,2022-02-28,25662,576
United States,USA,2022-03-01,18169,360
United States,USA,2022-03-02,76237,2302
United States,USA,2022-03-03,63819,1971
United States,USA,2022-03-04,52784,1536
United States,USA,2022-03-05,51622,1364
United States,USA,2022-03-06,44216,1569
United States,USA,2022-03-07,14292,322
United States,USA,2022-03-08,8941,367
United States,USA,2022-03-09,57277,1530
United States,USA,2022-03-10,31172,1735
United States,USA,2022-03-11,46110,1957
United States,USA,2022-03-12,39598,1258
United States,USA,2022-03-13,36942,1437
United States,USA,2022-03-14,12159,506
United States,USA,2022-03-15,9126,195
United States,USA,2022-03-16,60969,
United States,USA,2022-03-17,24495,1443
United States,USA,2022-03-18,37828,1500
United States,USA,2022-03-19,33159,1066
United States,USA,2022-03-20,31004,972
United States,USA,2022-03-21,9881,200
United States,USA,2022-03-22,10038,150
United States,USA,2022-03-23,38828,789
United States,USA,2022-03-24,24771,937
United States,USA,2022-03-25,45160,1244
United States,USA,2022-03-26,36077,895
United States,USA,2022-03-27,28714,776
United States,USA,2022-03-28,12511,180
United States,USA,2022-03-29,9753,95
United States,USA,2022-03-30,32427,686
United States,USA,2022-03-31,24078,732
United States,USA,2022-04-01,48239,1173
United States,USA,2022-04-02,40063,704
United States,USA,2022-04-03,27393,602
United States,USA,2022-04-04,11677,148
United States,USA,2022-04-05,10548,117
United States,USA,2022-04-06,26930,322
United States,USA,2022-04-07,33374,524
United States,USA,2022-04-08,42256,944
United States,USA,2022-04-09,33806,523
United States,USA,2022-04-10,42601,889
United States,USA,2022-04-11,14053,141
United States,USA,2022-04-12,17314,69
United States,USA,2022-04-13,34571,323
United States,USA,2022-04-14,28789,733
United States,USA,2022-04-15,46149,603
United States,USA,2022-04-16,62708,710
United States,USA,2022-04-17,44355,544
United States,USA,2022-04-18,16817,49
United States,USA,2022-04-19,18767,57
United States,USA,2022-04-20,36003,366
United States,USA,2022-04-21,53418,427
United States,USA,2022-04-22,57408,547
United States,USA,2022-04-23,49509,655
United States,USA,2022-04-24,68799,342
United States,USA,2022-04-25,23458,72
United States,USA,2022-04-26,21103,61
United States,USA,2022-04-27,49858,217
United States,USA,2022-04-28,64414,384
United States,USA,2022-04-29,77145,729
United States,USA,2022-04-30,61915,288
United States,USA,2022-05-01,80656,491
United States,USA,2022-05-02,25939,90
United States,USA,2022-05-03,26774,133
United States,USA,2022-05-04,64100,180
United States,USA,2022-05-05,72566,648
United States,USA,2022-05-06,100537,804
United States,USA,2022-05-07,80010,300
United States,USA,2022-05-08,95732,486
United States,USA,2022-05-09,27518,61
United States,USA,2022-05-10,31753,63
United States,USA,2022-05-11,100982,189
United States,USA,2022-05-12,100249,393
United States,USA,2022-05-13,127795,566
United States,USA,2022-05-14,98705,262
United States,USA,2022-05-15,117953,432
United States,USA,2022-05-16,29099,79
United States,USA,2022-05-17,46227,66
United States,USA,2022-05-18,123395,231
United States,USA,2022-05-19,129614,368
United States,USA,2022-05-20,146420,606
United States,USA,2022-05-21,109730,252
United States,USA,2022-05-22,150010,479
United States,USA,2022-05-23,36406,97
United States,USA,2022-05-24,44879,67
United States,USA,2022-05-25,110873,388
United States,USA,2022-05-26,133342,471
United States,USA,2022-05-27,153916,699
United States,USA,2022-05-28,113174,327
United States,USA,2022-05-29,148130,580
United States,USA,2022-05-30,36051,87
United States,USA,2022-05-31,35465,58
United States,USA,2022-06-01,55525,78
United States,USA,2022-06-02,155982,366
United States,USA,2022-06-03,140951,575
United States,USA,2022-06-04,111559,354
United States,USA,2022-06-05,140094,461
United States,USA,2022-06-06,47471,87
United States,USA,2022-06-07,43315,127
United States,USA,2022-06-08,99664,297
United States,USA,2022-06-09,152307,476
United States,USA,2022-06-10,144559,642
United States,USA,2022-06-11,105965,264
United States,USA,2022-06-12,147763,391
United States,USA,2022-06-13,37707,144
United States,USA,2022-06-14,38721,91
United States,USA,2022-06-15,91358,286
United States,USA,2022-06-16,138010,419
United States,USA,2022-06-17,143175,569
United States,USA,2022-06-18,97574,301
United States,USA,2022-06-19,125711,392
United States,USA,2022-06-20,35853,96
United States,USA,2022-06-21,35517,115
United States,USA,2022-06-22,52244,140
United States,USA,2022-06-23,186492,513
United States,USA,2022-06-24,134198,625
United States,USA,2022-06-25,101869,492
United States,USA,2022-06-26,163464,520
United States,USA,2022-06-27,44012,107
United States,USA,2022-06-28,44178,76
United States,USA,2022-06-29,96530,256
United States,USA,2022-06-30,154793,625
United States,USA,2022-07-01,148959,555
United States,USA,2022-07-02,112856,476
United States,USA,2022-07-03,172444,547
United States,USA,2022-07-04,48178,138
United States,USA,2022-07-05,46196,87
United States,USA,2022-07-06,45747,119
United States,USA,2022-07-07,169689,469
United States,USA,2022-07-08,145751,601
United States,USA,2022-07-09,120595,491
United States,USA,2022-07-10,167613,549
United States,USA,2022-07-11,55577,106
United States,USA,2022-07-12,57136,111
United States,USA,2022-07-13,113656,279
United States,USA,2022-07-14,184135,651
United States,USA,2022-07-15,156001,711
United States,USA,2022-07-16,138983,455
United States,USA,2022-07-17,182741,472
United States,USA,2022-07-18,57577,154
United States,USA,2022-07-19,56070,173
United States,USA,2022-07-20,101687,351
United States,USA,2022-07-21,179375,705
United States,USA,2022-07-22,158884,675
United States,USA,2022-07-23,148445,494
United States,USA,2022-07-24,206657,635
United States,USA,2022-07-25,53259,159
United States,USA,2022-07-26,54599,173
United States,USA,2022-07-27,106403,303
United States,USA,2022-07-28,168680,631
United States,USA,2022-07-29,160831,696
United States,USA,2022-07-30,144834,520
United States,USA,2022-07-31,259377,631
United States,USA,2022-08-01,37913,137
United States,USA,2022-08-02,37944,118
United States,USA,2022-08-03,119038,400
United States,USA,2022-08-04,161349,720
United States,USA,2022-08-05,149835,715
United States,USA,2022-08-06,131403,560
United States,USA,2022-08-07,150569,611
United States,USA,2022-08-08,33241,162
United States,USA,2022-08-09,32807,121
United States,USA,2022-08-10,98627,337
United States,USA,2022-08-11,137268,800
United States,USA,2022-08-12,138358,774
United States,USA,2022-08-13,125122,587
United States,USA,2022-08-14,136195,661
United States,USA,2022-08-15,30589,132
United States,USA,2022-08-16,21098,117
United States,USA,2022-08-17,99341,343
United States,USA,2022-08-18,126626,730
United States,USA,2022-08-19,120016,759
United States,USA,2022-08-20,114305,536
United States,USA,2022-08-21,132950,614
United States,USA,2022-08-22,28624,141
United States,USA,2022-08-23,27897,129
United States,USA,2022-08-24,81700,308
United States,USA,2022-08-25,115986,675
United States,USA,2022-08-26,130588,766
United States,USA,2022-08-27,110093,538
United States,USA,2022-08-28,115441,664
United States,USA,2022-08-29,29176,162
United States,USA,2022-08-30,27073,129
United States,USA,2022-08-31,78248,270
United States,USA,2022-09-01,116212,633
United States,USA,2022-09-02,120932,864
United States,USA,2022-09-03,103592,500
United States,USA,2022-09-04,105130,532
United States,USA,2022-09-05,24912,114
United States,USA,2022-09-06,24255,112
United States,USA,2022-09-07,22446,114
United States,USA,2022-09-08,118994,529
United States,USA,2022-09-09,91690,688
United States,USA,2022-09-10,85271,473
United States,USA,2022-09-11,81941,595
United States,USA,2022-09-12,22131,135
United States,USA,2022-09-13,20216,86
United States,USA,2022-09-14,57915,264
United States,USA,2022-09-15,57983,562
United States,USA,2022-09-16,89519,799
United States,USA,2022-09-17,97563,684
United States,USA,2022-09-18,61574,369
United States,USA,2022-09-19,17572,98
United States,USA,2022-09-20,20188,79
United States,USA,2022-09-21,44794,227
United States,USA,2022-09-22,49594,504
United States,USA,2022-09-23,83979,698
United States,USA,2022-09-24,99198,754
United States,USA,2022-09-25,53400,345
United States,USA,2022-09-26,15871,102
United States,USA,2022-09-27,15295,85
United States,USA,2022-09-28,37642,232
United States,USA,2022-09-29,40387,462
United States,USA,2022-09-30,78175,1156
United States,USA,2022-10-01,87152,596
United States,USA,2022-10-02,46712,349
United States,USA,2022-10-03,12202,124
United States,USA,2022-10-04,13856,57
United States,USA,2022-10-05,32368,183
United States,USA,2022-10-06,37655,444
United States,USA,2022-10-07,64193,767
United States,USA,2022-10-08,78599,651
United States,USA,2022-10-09,41711,334
United States,USA,2022-10-10,11333,72
United States,USA,2022-10-11,13220,78
United States,USA,2022-10-12,24419,169
United States,USA,2022-10-13,38156,398
United States,USA,2022-10-14,57464,652
United States,USA,2022-10-15,72989,644
United States,USA,2022-10-16,33699,261
United States,USA,2022-10-17,6050,26
United States,USA,2022-10-18,11151,8
United States,USA,2022-10-19,33860,234
United States,USA,2022-10-20,38999,466
United States,USA,2022-10-21,0,0
United States,USA,2022-10-22,193674,2221
United States,USA,2022-10-23,0,0
United States,USA,2022-10-24,0,0
United States,USA,2022-10-25,0,0
United States,USA,2022-10-26,0,0
United States,USA,2022-10-27,0,0
United States,USA,2022-10-28,255156,3081
United States,USA,2022-10-29,0,0
United States,USA,2022-10-30,0,0
United States,USA,2022-10-31,0,0
United States,USA,2022-11-01,0,0
United States,USA,2022-11-02,0,0
United States,USA,2022-11-03,0,0
United States,USA,2022-11-04,267304,2463
United States,USA,2022-11-05,0,0
United States,USA,2022-11-06,0,0
United States,USA,2022-11-07,0,0
United States,USA,2022-11-08,0,0
United States,USA,2022-11-09,0,0
United States,USA,2022-11-10,0,0
United States,USA,2022-11-11,282897,2290
United States,USA,2022-11-12,0,0
United States,USA,2022-11-13,0,0
United States,USA,2022-11-14,0,0
United States,USA,2022-11-15,0,0
United States,USA,2022-11-16,0,0
United States,USA,2022-11-17,0,0
United States,USA,2022-11-18,274984,2202
United States,USA,2022-11-19,0,0
United States,USA,2022-11-20,0,0
United States,USA,2022-11-21,0,0
United States,USA,2022-11-22,0,0
United States,USA,2022-11-23,0,0
United States,USA,2022-11-24,0,0
United States,USA,2022-11-25,300171,2619
United States,USA,2022-11-26,0,0
United States,USA,2022-11-27,0,0
United States,USA,2022-11-28,0,0
United States,USA,2022-11-29,0,0
United States,USA,2022-11-30,0,0
United States,USA,2022-12-01,0,0
United States,USA,2022-12-02,302599,1763
United States,USA,2022-12-03,0,0
United States,USA,2022-12-04,0,0
United States,USA,2022-12-05,0,0
United States,USA,2022-12-06,0,0
United States,USA,2022-12-07,0,0
United States,USA,2022-12-08,0,0
United States,USA,2022-12-09,462223,3035
United States,USA,2022-12-10,0,0
United States,USA,2022-12-11,0,0
United States,USA,2022-12-12,0,0
United States,USA,2022-12-13,0,0
United States,USA,2022-12-14,0,0
United States,USA,2022-12-15,0,0
United States,USA,2022-12-16,446014,2652
United States,USA,2022-12-17,0,0
United States,USA,2022-12-18,0,0
United States,USA,2022-12-19,0,0
United States,USA,2022-12-20,0,0
United States,USA,2022-12-21,0,0
United States,USA,2022-12-22,0,0
United States,USA,2022-12-23,508009,3033
United States,USA,2022-12-24,0,0
United States,USA,2022-12-25,0,0
United States,USA,2022-12-26,0,0
United States,USA,2022-12-27,0,0
United States,USA,2022-12-28,0,0
United States,USA,2022-12-29,0,0
United States,USA,2022-12-30,392203,2480
United States,USA,2022-12-31,0,0
United States,USA,2023-01-01,0,0
United States,USA,2023-01-02,0,0
United States,USA,2023-01-03,0,0
United States,USA,2023-01-04,0,0
United States,USA,2023-01-05,0,0
United States,USA,2023-01-06,471714,2764
United States,USA,2023-01-07,0,0
United States,USA,2023-01-08,0,0
United States,USA,2023-01-09,0,0
United States,USA,2023-01-10,0,0
United States,USA,2023-01-11,0,0
United States,USA,2023-01-12,0,0
United States,USA,2023-01-13,448092,4407
United States,USA,2023-01-14,0,0
United States,USA,2023-01-15,0,0
United States,USA,2023-01-16,0,0
United States,USA,2023-01-17,0,0
United States,USA,2023-01-18,0,0
United States,USA,2023-01-19,0,0
United States,USA,2023-01-20,308025,3664
United States,USA,2023-01-21,0,0
United States,USA,2023-01-22,0,0
United States,USA,2023-01-23,0,0
United States,USA,2023-01-24,0,0
United States,USA,2023-01-25,0,0
United States,USA,2023-01-26,0,0
United States,USA,2023-01-27,294867,3743
United States,USA,2023-01-28,0,0
United States,USA,2023-01-29,0,0
United States,USA,2023-01-30,0,0
United States,USA,2023-01-31,0,0
United States,USA,2023-02-01,0,0
United States,USA,2023-02-02,0,0
United States,USA,2023-02-03,285402,3452
United States,USA,2023-02-04,0,0
United States,USA,2023-02-05,0,0
United States,USA,2023-02-06,0,0
United States,USA,2023-02-07,0,0
United States,USA,2023-02-08,0,0
United States,USA,2023-02-09,0,0
United States,USA,2023-02-10,278228,3440
United States,USA,2023-02-11,0,0
United States,USA,2023-02-12,0,0
United States,USA,2023-02-13,0,0
United States,USA,2023-02-14,0,0
United States,USA,2023-02-15,0,0
United States,USA,2023-02-16,0,0
United States,USA,2023-02-17,254372,2857
United States,USA,2023-02-18,0,0
United States,USA,2023-02-19,0,0
United States,USA,2023-02-20,0,0
United States,USA,2023-02-21,0,0
United States,USA,2023-02-22,0,0
United States,USA,2023-02-23,0,0
United States,USA,2023-02-24,0,0
United States,USA,2023-02-25,267168,2362
United States,USA,2023-02-26,0,0
United States,USA,2023-02-27,0,0
United States,USA,2023-02-28,0,0
United States,USA,2023-03-01,0,0
United States,USA,2023-03-02,0,0
United States,USA,2023-03-03,0,0
United States,USA,2023-03-04,227828,2197
United States,USA,2023-03-05,0,0
United States,USA,2023-03-06,0,0
United States,USA,2023-03-07,0,0
United States,USA,2023-03-08,0,0
United States,USA,2023-03-09,0,0
United States,USA,2023-03-10,0,0
United States,USA,2023-03-11,170593,1887
United States,USA,2023-03-12,0,0
United States,USA,2023-03-13,0,0
United States,USA,2023-03-14,0,0
United States,USA,2023-03-15,0,0
United States,USA,2023-03-16,0,0
United States,USA,2023-03-17,0,0
United States,USA,2023-03-18,126613,1741
United States,USA,2023-03-19,0,0
United States,USA,2023-03-20,0,0
United States,USA,2023-03-21,0,0
United States,USA,2023-03-22,0,0
United States,USA,2023-03-23,0,0
United States,USA,2023-03-24,0,0
United States,USA,2023-03-25,152968,2084
United States,USA,2023-03-26,0,0
United States,USA,2023-03-27,0,0
United States,USA,2023-03-28,0,0
United States,USA,2023-03-29,0,0
United States,USA,2023-03-30,0,0
United States,USA,2023-03-31,0,0
United States,USA,2023-04-01,176358,1746
United States,USA,2023-04-02,0,0
United States,USA,2023-04-03,0,0
United States,USA,2023-04-04,0,0
United States,USA,2023-04-05,0,0
United States,USA,2023-04-06,0,0
United States,USA,2023-04-07,0,0
United States,USA,2023-04-08,0,0
United States,USA,2023-04-09,103472,1729
United States,USA,2023-04-10,0,0
United States,USA,2023-04-11,0,0
United States,USA,2023-04-12,0,0
United States,USA,2023-04-13,0,0
United States,USA,2023-04-14,0,0
United States,USA,2023-04-15,0,0
United States,USA,2023-04-16,104057,1290
United States,USA,2023-04-17,0,0
United States,USA,2023-04-18,0,0
United States,USA,2023-04-19,0,0
United States,USA,2023-04-20,0,0
United States,USA,2023-04-21,0,0
United States,USA,2023-04-22,0,0
United States,USA,2023-04-23,98467,1198
United States,USA,2023-04-24,0,0
United States,USA,2023-04-25,0,0
United States,USA,2023-04-26,0,0
United States,USA,2023-04-27,0,0
United States,USA,2023-04-28,0,0
United States,USA,2023-04-29,0,0
United States,USA,2023-04-30,86484,1046
United States,USA,2023-05-01,0,0
United States,USA,2023-05-02,0,0
United States,USA,2023-05-03,0,0
United States,USA,2023-05-04,0,0
United States,USA,2023-05-05,0,0
United States,USA,2023-05-06,0,0
United States,USA,2023-05-07,77165,1146
United States,USA,2023-05-08,0,0
United States,USA,2023-05-09,0,0
United States,USA,2023-05-10,0,0
United States,USA,2023-05-11,0,0
United States,USA,2023-05-12,0,0
United States,USA,2023-05-13,0,0
United States,USA,2023-05-14,93260,1943
United States,USA,2023-05-15,0,0
United States,USA,2023-05-16,0,0
United States,USA,2023-05-17,0,0
United States,USA,2023-05-18,0,0
United States,USA,2023-05-19,0,0
United States,USA,2023-05-20,0,0
United States,USA,2023-05-21,0,0
United States,USA,2023-05-22,0,0
United States,USA,2023-05-23,0,0
United States,USA,2023-05-24,0,0
United States,USA,2023-05-25,0,0
United States,USA,2023-05-26,0,0
United States,USA,2023-05-27,0,0
United States,USA,2023-05-28,0,0
United States,USA,2023-05-29,0,0
United States,USA,2023-05-30,0,0
United States,USA,2023-05-31,0,0
United States,USA,2023-06-01,0,0
United States,USA,2023-06-02,0,0
United States,USA,2023-06-03,0,0
United States,USA,2023-06-04,0,0
United States,USA,2023-06-05,0,0
United States,USA,2023-06-06,0,0
United States,USA,2023-06-07,0,0
United States,USA,2023-06-08,0,0
United States,USA,2023-06-09,0,0
United States,USA,2023-06-10,0,0
United States,USA,2023-06-11,0,0
United States,USA,2023-06-12,0,0
United States,USA,2023-06-13,0,0
United States,USA,2023-06-14,0,0
United States,USA,2023-06-15,0,0
United States,USA,2023-06-16,0,0
United States,USA,2023-06-17,0,0
United States,USA,2023-06-18,0,0
United States,USA,2023-06-19,0,0
United States,USA,2023-06-20,0,0
United States,USA,2023-06-21,0,0
United States,USA,2023-06-22,0,0
United States,USA,2023-06-23,0,0
United States,USA,2023-06-24,0,0
United States,USA,2023-06-25,0,0
United States,USA,2023-06-26,0,0
United States,USA,2023-06-27,0,0
United States,USA,2023-06-28,0,0
United States,USA,2023-06-29,0,0
United States,USA,2023-06-30,0,0
United States,USA,2023-07-01,0,0
United States,USA,2023-07-02,0,0
United States,USA,2023-07-03,0,0
United States,USA,2023-07-04,0,0
United States,USA,2023-07-05,0,0
